<odoo>
    <data noupdate="1">
        <record id="starting_and_ending_auction" model="ir.cron">
               <field name="name">Starting and Ending Auction</field>
               <field name="model_id" ref="model_fleet_auction"/>
               <field name="state">code</field>
               <field name="code">model.start_and_end_auction()</field>
               <field name="user_id" ref="base.user_root"/>
               <field name="interval_number">1</field>
               <field name="interval_type">days</field>
               <field name="numbercall">-1</field>
           </record>
    </data>
</odoo>