<?xml version="1.0" encoding="utf-8" ?>

<odoo>

    <record model="ir.module.category" id="module_category_auction">
        <field name="name">Fleet Auction</field>
        <field name="description">Category for fleet auction</field>
<!--        <field name="sequence">15</field>-->
    </record>

    <record id="group_auction_manager" model="res.groups">
        <field name="name">Manager</field>
        <field name="category_id" ref="module_category_auction"/>
        <field name="implied_ids" eval="[(4, ref('group_auction_users'))]"/>
    </record>

    <record id="group_auction_users" model="res.groups">
        <field name="name">Users</field>
        <field name="category_id" ref="module_category_auction"/>
    </record>

    <record id="ir_rule_auction_company_records" model="ir.rule">
        <field name="name">Company Records</field>
        <field name="model_id" search="[('model','=','fleet.auction')]"/>
        <field name="domain_force">[('company_id', 'in', company_ids)]</field>
        <field name="global" eval="True"/>
    </record>

    <record id = "auction_bid_visibility_manager" model = "ir.rule">
       <field name = "name"> Manager can see all bids</field>
       <field name = "model_id" ref = "model_auction_bid" />
       <field name = "groups" eval = "[(4, ref ('group_auction_manager'))]" />
        <field name = "perm_read" eval = "True" />
       <field name = "perm_write" eval = "True" />
       <field name = "perm_create" eval = "True" />
       <field name = "perm_unlink" eval = "True" />
       <field name = "domain_force"> [('state', 'in', ['confirmed','draft'])] </field>
    </record>

    <record id = "auction_bid_visibility_user" model = "ir.rule">
       <field name = "name"> User can only see confirmed bids</field>
       <field name = "model_id" ref = "model_auction_bid" />
       <field name = "groups" eval = "[(4, ref ('group_auction_users'))]" />
        <field name = "perm_read" eval = "True" />
       <field name = "perm_write" eval = "True" />
       <field name = "perm_create" eval = "True" />
       <field name = "perm_unlink" eval = "True" />
       <field name = "domain_force"> [('state', '=', 'confirmed')] </field>
    </record>
</odoo>