<?xml version="1.0" encoding="utf-8"?>

<odoo>
    <record id="payment_method_paytrail" model="payment.method">
        <field name="name">Paytrail</field>
        <field name="code">paytrail</field>
        <field name="sequence">100</field>
        <field name="active">True</field>
        <field name="image" type="base64" file="payment_paytrail/static/description/paytrail.png"/>
        <field name="support_tokenization">False</field>
        <field name="support_express_checkout">False</field>
        <field name="support_refund"></field>
    </record>
</odoo>