<?xml version="1.0" encoding="utf-8"?>

<odoo>
    <record id="payment_provider_paytrail" model="payment.provider">
        <field name="name">Paytrail</field>
        <field name="code">paytrail</field>
        <field name="redirect_form_view_id" ref="redirect_form"/>
        <field name="is_published">True</field>
        <field name="image_128"
               type="base64"
               file="payment_paytrail/static/description/paytrail.png"/>
        <field name="payment_method_ids"
               eval="[Command.set([
                        ref('payment_paytrail.payment_method_paytrail')])]"> </field>
    </record>
</odoo>