<odoo>

    <record id="paperformat_auction" model="report.paperformat">
        <field name="name">A3 Paper</field>
        <field name="default" eval="True" />
        <field name="format">custom</field>
        <field name="page_height">297</field>
        <field name="page_width">230</field>
        <field name="orientation">Portrait</field>
        <field name="margin_top">30.00</field>
        <field name="margin_bottom">10.00</field>
        <field name="margin_left">10.0</field>
        <field name="margin_right">10.0</field>
        <field name="header_line" eval="False" />
        <field name="header_spacing">25</field>
        <field name="dpi">90</field>
    </record>

</odoo>