<odoo>
	<data>
    	<record id="auction_invoice_email_template" model="mail.template">
        	<field name="name">Auction Invoice Template</field>
        	<field name="model_id"
               	ref="fleet_auction.model_fleet_auction"/>
        	<field name="email_from">{{ object.responsible_id.partner_id.email }}</field>
        	<field name="email_to">{{ object.customer_id.email }}</field>
			<field name="subject">{{ object.company_id.name }} Invoice (Ref {{ object.name or 'n/a' }})</field>
			<field name="body_html" type="html">
				<div style="margin: 0px; padding: 0px;">
                	<div style="margin: 0px; padding: 0px;">
                    	<p style="margin: 0px; padding: 0px; font-size: 13px;">
                        	Dear <t t-out="object.customer_id.name"/>,
                        	<br/>
                        	<br/>
							Here is your
							<t t-if="object.name">
								invoice <span style="font-weight:bold;" t-out="object.invoice_id.name or ''">INV/2021/05/0005</span>
							</t>
<!--							<t t-else="">-->
<!--								invoice-->
<!--							</t>-->
<!--							<t t-if="object.invoice">-->
<!--								(with reference: <t t-out="object.invoice or ''">SUB003</t>)-->
<!--							</t>-->
							amounting in <span style="font-weight:bold;" t-out="format_amount(object.total_price, object.currency_id)"> </span>
							from <t t-out="object.company_id.name or ''">YourCompany</t>.
                        	<br/>
                        	Do not hesitate to contact us if you have any questions.
							<br>
							</br>
							Regards,
                        	<br/>
                        	<t t-out="object.responsible_id.name"/>
                    	</p>
                	</div>
            	</div>
        	</field>
    	</record>
	</data>
</odoo>