<?xml version="1.0" encoding="UTF-8" ?>

<templates>
    <t t-name="employee_dashboard.EmployeeDashboard">
        <div class="">
            <div>
                <center>
                    <h1 style="margin:20px;">
                    Employee Dashboard</h1>
                </center>
                <div class="row main-section" style="margin-left: 120px;">
                    <div id="attendance" class="col-md-4 col-sm-6 tot_tasks oh-payslip" style=" overflow: hidden; padding-top: 30px; width: 255px;" t-on-click="_onClickAttendance">
                        <div class="oh-card" style="box-shadow:2px 4px 8px 2px rgba(0,0,0.3,0.2); display: flex; justify-content: center;border-style: double;background-color: Yellow;" role="button">
                            <div class="oh-card-body" style="padding: 5px 5px; float: left; width: 100%; height: auto; box-sizing: border-box; margin: 0;">
                                <div class="stat-widget-one">
                                    <div class="stat-icon bg-mauve-light d-flex justify-content-left align-items-left">
                                        <div style="width:65px; text-align: center;">
                                            <i class="fa fa-address-book-o text-mauve"
                                               style="font-size:50px;"/>
                                        </div>
                                        <div class="stat_content" style="text-align: center; font-weight: bold; padding-top: 20px; padding-left: 80px;">
                                            <div class="stat_count_attendance" style="font-size: 17px;">
                                                <span id="templates">
                                                    <div id="my_attendance"/>
                                                </span>
                                            </div>
                                            <div class="stat-head" style="font-size: 14px; float: left;">
                                                Attendance
                                            </div>
                                        </div>
                                    </div>
                                </div>
                            </div>
                        </div>
                    </div>

                    <div id="project" class="col-md-4 col-sm-6 tot_tasks oh-payslip" style=" overflow: hidden; padding-top: 30px; width: 255px;" t-on-click="_onClickProject">
                        <div class="oh-card" style="box-shadow:2px 4px 8px 2px rgba(0,0,0.3,0.2); display: flex; justify-content: center;border-style: double;background-color: LimeGreen;" role="button">
                            <div class="oh-card-body" style="padding: 5px 5px; float: left; width: 100%; height: auto; box-sizing: border-box; margin: 0;">
                                <div class="stat-widget-one">
                                    <div class="stat-icon bg-mauve-light d-flex justify-content-left align-items-left">
                                        <div style="width:65px; text-align: center;">
                                            <i class="fa fa-tasks text-mauve" style="font-size:50px;"/>
                                        </div>
                                        <div class="stat_content" style="text-align: center; font-weight: bold; padding-top: 20px; padding-left: 80px;">
                                            <div class="stat_count_attendance" style="font-size: 17px;">
                                                <span id="templates">
                                                    <div id="my_project"/>
                                                </span>
                                            </div>
                                            <div class="stat-head" style="font-size: 14px;">
                                                Projects
                                            </div>
                                        </div>
                                    </div>
                                </div>
                            </div>
                        </div>
                    </div>

                    <div id="task" class="col-md-4 col-sm-6 tot_tasks oh-payslip" style=" overflow: hidden; padding-top: 30px; width: 255px;" t-on-click="_onClickTask">
                        <div class="oh-card" style="box-shadow:2px 4px 8px 2px rgba(0,0,0.3,0.2); display: flex; justify-content: center;border-style: double;background-color: DodgerBlue;" role="button">
                            <div class="oh-card-body" style="padding: 5px 5px; float: left; width: 100%; height: auto; box-sizing: border-box; margin: 0;">
                                <div class="stat-widget-one">
                                    <div class="stat-icon bg-mauve-light d-flex justify-content-left align-items-left">
                                        <div style="width:65px; text-align: center;">
                                            <i class="fa fa-tasks text-mauve" style="font-size:50px;"/>
                                        </div>
                                        <div class="stat_content" style="text-align: center; font-weight: bold; padding-top: 20px; padding-left: 80px;">
                                            <div class="stat_count_attendance" style="font-size: 17px;">
                                                <span id="templates">
                                                    <div id="my_task"/>
                                                </span>
                                            </div>
                                            <div class="stat-head" style="font-size: 14px;">Tasks
                                            </div>
                                        </div>
                                    </div>
                                </div>
                            </div>
                        </div>
                    </div>

                    <div id="leave" class="col-md-4 col-sm-6 tot_tasks oh-payslip" style=" overflow: hidden; padding-top: 30px; width: 255px;" t-on-click="_onClickLeave">
                        <div class="oh-card" style="box-shadow:2px 4px 8px 2px rgba(0,0,0.3,0.2); display: flex; justify-content: center;border-style: double;background-color: MediumVioletRed ;" role="button">
                            <div class="oh-card-body" style="padding: 5px 5px; float: left; width: 100%;height: auto; box-sizing: border-box; margin: 0;">
                                <div class="stat-widget-one">
                                    <div class="stat-icon bg-mauve-light d-flex justify-content-left align-items-left">
                                        <div style="width:65px; text-align: center;">
                                            <i class="fa fa-user-times text-mauve" style="font-size:50px;"/>
                                        </div>
                                        <div class="stat_content" style="text-align: center; font-weight: bold;padding-top: 20px; padding-left: 80px;">
                                            <div class="stat_count_attendance" style="font-size: 17px;">
                                                <span id="templates">
                                                    <div id="my_leave"/>
                                                </span>
                                            </div>
                                            <div class="stat-head" style="font-size: 14px;">Leave
                                            </div>
                                        </div>
                                    </div>
                                </div>
                            </div>
                        </div>
                    </div>

                    <div id="hierarchy" class="col-md-4 col-sm-6 tot_tasks oh-payslip" style=" overflow: hidden; padding-top: 30px; width: 255px;" t-on-click="_onClickHierarchy">
                        <div class="oh-card" style="box-shadow:2px 4px 8px 2px rgba(0,0,0.3,0.2); display: flex; justify-content: center;border-style: double;background-color: Red;" role="button">
                            <div class="oh-card-body" style="padding: 5px 5px; float: left; width: 100%; height: auto; box-sizing: border-box; margin: 0;">
                                <div class="stat-widget-one">
                                    <div class="stat-icon bg-mauve-light d-flex justify-content-left align-items-left">
                                        <div style="width:65px; text-align: center;">
                                            <i class="fa fa-group text-mauve" style="font-size:50px;"/>
                                        </div>
                                        <div class="stat_content" style="text-align: center; font-weight: bold; padding-top: 20px; padding-left: 80px;">
                                            <div class="stat_count_attendance" style="font-size: 17px;">
                                                <span id="templates">
                                                    <div id="my_hierarchy"/>
                                                </span>
                                            </div>
                                            <div class="stat-head" style="font-size: 14px;">Hierarchy
                                            </div>
                                        </div>
                                    </div>
                                </div>
                            </div>
                        </div>
                    </div>

                    <div id="payslip" class="col-md-4 col-sm-6 tot_tasks oh-payslip" style=" overflow: hidden; padding-top: 30px; width: 255px;" t-on-click="_onClickPayslip">
                        <div class="oh-card" style="box-shadow:2px 4px 8px 2px rgba(0,0,0.3,0.2); display: flex; justify-content: center;border-style: double;background-color: Fuchsia;" role="button">
                            <div class="oh-card-body" style="padding: 5px 5px; float: left; width: 100%; height: auto; box-sizing: border-box; margin: 0;">
                                <div class="stat-widget-one">
                                    <div class="stat-icon bg-mauve-light d-flex justify-content-left align-items-left">
                                        <div style="width:65px; text-align: center;">
                                            <i class="fa fa-drivers-license text-mauve" style="font-size:50px;"/>
                                        </div>
                                        <div class="stat_content" style="text-align: center; font-weight: bold; padding-top: 20px; padding-left: 80px;">
                                            <div class="stat_count_attendance" style="font-size: 17px;">
                                                <span id="templates">
                                                    <div id="my_payslip"/>
                                                </span>
                                            </div>
                                            <div class="stat-head" style="font-size: 14px;">Payslip
                                            </div>
                                        </div>
                                    </div>
                                </div>
                            </div>
                        </div>
                    </div>

                </div><br> </br><br> </br><br> </br>


                <div class="row main-section" style="margin-left: 120px; width: 1500px; " >

                    <div class="col">
                        <h2><u>Employee Personal Details</u></h2><br> </br>
                        <table id="employee" class="table table-bordered" style="font-size: 15px; width:500px; border-style:solid; border-color:Black;">
                            <thead>
                                <tr>
                                    <th><strong>Employee</strong></th>
                                    <th><strong>Email</strong></th>
                                    <th><strong>Phone</strong></th>
                                    <th><strong>Gender</strong></th>
                                    <th><strong>Certificate Level</strong></th>
                                    <th><strong>Field of Study</strong></th>
                                </tr>
                            </thead>
                            <tbody>
                            <tr> </tr>
                            </tbody>
                        </table>
                    </div>

                    <div class="col">
                        <h2><u>Employee Experience</u></h2><br> </br>
                        <canvas id="chart" t-ref="canvas" height="250px" width="250px"/>
                    </div>

                </div>
            </div>
        </div>
    </t>
</templates>